Value1;Labels
20.731904763837623;0
26.56851934820484;0
32.54005083635628;0
38.713156148421675;0
39.90412741930808;0
40.66664133396025;0
41.34748463951773;0
41.12283623219137;0
40.45323556718913;0
39.19566077085406;0
37.4454093395672;0
35.52186774497417;0
33.33051439378222;0
31.03425323603458;0
29.048611917562383;0
27.176891011188804;0
26.031718860496134;0
25.22445155124366;0
25.1767264890508;0
25.521411165577042;0
26.535298815414627;0
28.19108845821672;0
30.19097609299876;0
32.399191057510855;0
34.80904230177598;0
36.99149985589034;0
39.34318712645893;0
41.17345055509715;0
42.614090961270605;0
43.50601026655604;0
43.653313150037434;0
43.29029869858925;0
42.71233106969075;0
41.29279110736047;0
39.432568937344826;0
37.26143025563394;0
35.23343076589241;0
33.0983152651387;0
31.321047173408356;0
29.497078505157255;0
28.173223401787116;0
27.553202611512457;0
27.2966396929656;0
27.62186792427207;0
28.59654872690797;0
29.74820908579631;0
31.501708547856648;0
33.6671915796241;0
35.85467529006387;0
38.28034880960066;0
40.49365038038189;0
42.195774953075215;0
43.6556134960008;0
44.71322239273059;0
45.09201861434943;0
44.86735100808683;0
43.959937929682475;0
42.62642231130973;0
41.22138539204349;0
39.17171401073198;0
36.92523912267697;0
34.82411587910777;0
32.800578763654755;0
31.152284425643227;0
29.7829768536125;0
28.50065667120989;0
28.087193332042464;0
28.464985496022077;0
29.242641407207394;0
30.64946402180678;0
32.315396857178236;0
34.252995845429645;0
36.59297850518597;0
39.116789847841204;0
41.01021248590731;0
42.83606988776296;0
44.055222953358516;0
44.93323917369046;0
45.1505159968849;0
44.790874595374376;0
43.78644116580021;0
42.347765488634835;0
40.40754060258456;0
38.49030526236669;0
36.014705123108726;0
33.886315696993044;0
32.08145325625797;0
30.06935002884764;0
28.7902320278217;0
28.034511173763445;0
27.45502006964888;0
27.713755910551953;0
28.650856667328142;0
29.67888671378403;0
31.69089041711509;0
33.54698317769723;0
35.7499988365799;0
37.991133792425934;0
40.31250319810668;0
42.026926057376905;0
43.5430119481333;0
44.358737145292416;0
44.505581323693946;0
43.905011860347805;0
43.12007063912024;0
41.7334114506486;0
39.69861019018491;0
37.56242409016422;0
35.289978766059534;0
33.324215634148544;0
31.22168785055868;0
29.589383779375844;0
28.091897769187813;0
27.04185717376655;0
26.78187450250785;0
27.04331165322195;0
27.841543302094852;0
29.16528741459707;0
30.511062549282787;0
32.25245650365528;0
34.78128255794586;0
36.60995316554532;0
38.4481309284756;0
40.05369424682698;0
41.57294887512422;0
42.52209248687101;0
42.85183334667142;0
42.475539649177556;0
41.839524363263166;0
40.534455520846095;0
38.67054014049875;0
36.08841031136508;0
33.77210264744951;0
31.554784434280606;0
29.002820284052536;0
26.93182393267393;0
25.402190559095747;0
24.74215532331801;0
24.516510020783606;0
24.728443044466133;0
25.573966448013966;0
26.96112323092032;0
28.767598740215178;0
30.798058946340802;0
32.40574902513117;0
34.44746945375193;0
36.274119126106235;0
37.79287525468983;0
39.40935382946334;0
40.33307897201942;0
40.54427998986738;0
40.31064315726709;0
39.675871605602616;0
38.49954324264128;0
36.77637883820455;0
34.31994226918494;0
32.015416498063075;0
29.77028359409318;0
27.793686456865437;0
25.726767992133162;0
23.98317263473217;0
22.877889817947157;0
22.715449140603926;0
22.93629174902718;0
23.770477960397915;0
24.92619197504535;0
26.811171677750174;0
29.252755482086144;0
31.508933735932416;0
33.53714921130055;0
35.502262651572586;0
37.07439986202211;0
38.38247941551691;0
38.9981557073127;0
39.029102752625334;0
38.60388665365741;0
37.84600537792662;0
36.13301416491956;0
34.35611539554184;0
32.15781474691339;0
29.972937772630015;0
27.612421775948953;0
25.576290655255654;0
23.793802162340143;0
22.545106036694648;0
21.678400198214952;0
21.52252352423048;0
21.535948493949938;0
22.483439091830952;0
23.892843263692182;0
25.311677807280958;0
27.188364581725896;0
29.289142891276146;0
31.41061622112359;0
33.61056861199047;0
35.17907111710092;0
36.25354528709784;0
37.37556165351939;0
37.83422950883639;0
37.525820641995224;0
36.632391280807234;0
35.16908760843471;0
33.42057626139248;0
31.763773339467406;0
29.127148398885673;0
26.85381403389251;0
24.705850390095854;0
22.91904892899409;0
21.501909776652976;0
20.569442671718292;0
19.994136349392623;0
20.331400547861286;0
21.24746030631303;0
22.606897957899914;0
24.291114877995344;0
26.517463927971356;0
28.78621726048056;0
31.37854356203357;0
33.55432684699492;0
35.254570717242146;0
36.75814698004212;0
37.64592518239908;0
37.81872427933887;0
37.46186525201044;0
36.49482093202638;0
35.1944347486675;0
33.66497841857358;0
31.464061724715137;0
29.288383655842757;0
27.362685664733107;0
25.28186999477223;0
23.37572787442597;0
22.005259707785186;0
20.90578141789783;0
20.82018566939366;0
21.16872769964091;0
21.868782951505366;0
23.29183915171893;0
25.07238599952185;0
27.035202259132017;0
29.390730067742055;0
31.688885297545074;0
33.88337649039696;0
35.83588943345378;0
37.28888769734335;0
38.29459923557722;0
38.7318699049469;0
38.323635293460974;0
37.287950886913094;0
35.874077832082804;0
33.99110852792498;0
32.061022966098314;0
29.75617532277598;0
27.629207750916468;0
25.736304858938546;0
24.143933210937764;0
22.97146813016527;0
22.348138164184917;0
22.0887923112656;0
22.57862860410702;0
23.6258518487913;0
25.021844069324302;0
26.636301186493576;0
28.44994829772211;0
30.739084613718607;0
33.0401683499631;0
35.01712296907826;0
36.82208957857753;0
38.1705730365985;0
39.45272036705701;0
40.20308040150041;0
40.088898228628665;0
39.40413209234517;0
38.00654701596342;0
36.23723024817154;0
34.302369500483984;0
31.971463915434768;0
29.810556570084195;0
27.61048764313415;0
26.041775157591122;0
24.765173296822418;0
24.05032862912537;0
23.79926450830234;0
24.129656582236358;0
25.026972512110355;0
26.41904571439566;0
27.895883287307317;0
30.13272767939702;0
32.48561716388304;0
34.884836060284584;0
37.04448187837559;0
38.907199178915306;0
40.442889641233364;0
41.52115801230312;0
41.933094418722156;0
41.75181967898823;0
40.77033112963421;0
39.70804719076986;0
37.936984808142896;0
36.01996855284768;0
33.90695370332313;0
32.064340050099055;0
30.040364894172168;0
28.6474505227906;0
27.359168922351667;0
26.51375470927311;0
26.358092502804574;0
26.869579004274946;0
27.52729094119636;0
29.008413220612606;0
30.770983846933724;0
32.60916708641154;0
34.95943081111189;0
37.21481268716899;0
39.397072247185214;0
41.268494412154105;0
42.71313976023708;0
43.6557397037092;0
44.10326734353005;0
43.949847718038306;0
43.15324461471169;0
41.55022583073151;0
39.969534663638214;0
37.99697963437801;0
35.75050767842723;0
33.8279288948652;0
31.767253689979526;0
30.109717704024533;0
29.065748298889563;0
28.20868914293284;0
27.827896791041145;0
28.399459060347535;0
29.178431389132054;0
30.61666639126991;0
32.28472344654368;0
34.415296099021795;0
36.61681083578089;0
38.86515277264551;0
41.018506073778404;0
42.80854626024065;0
44.17840880128183;0
45.095951700352856;0
45.267051583368264;0
45.170214102583735;0
44.24636264566717;0
42.691278641795925;0
40.97614122371336;0
38.805440672637374;0
36.500072879337736;0
34.437015416634786;0
32.23460088837045;0
30.565602285331888;0
29.42227551193428;0
28.529587586791983;0
28.474108906982458;0
28.85242799067348;0
29.566355002435657;0
30.996307137347088;0
32.82771401341022;0
35.184009485461644;0
37.557497619417695;0
39.74704538604409;0
41.83207257198788;0
43.49443789008759;0
44.84223438907895;0
45.6606320307393;0
45.49875937960562;0
45.13352707149366;0
44.12408946230655;0
42.73470085807657;0
41.180193980371634;0
39.14243322727789;0
36.9583729133815;0
34.61894333603544;0
32.2909713724582;0
30.763860328683013;0
29.24882589404218;0
28.378990519434513;0
27.88646210911095;0
27.91889405416276;0
28.729573729153262;0
30.207254572431008;0
31.78147561554748;0
34.24827191795858;0
36.35472387536238;0
38.72878771198271;0
41.150265173231396;0
43.0335353920104;0
44.329663310371785;0
45.233684333008185;0
45.36840963681579;0
45.09995322651278;0
44.3672205292571;0
42.85611895909747;0
40.897817193521725;0
38.808064031513965;0
36.38439077485459;0
33.901878243768834;0
31.537726941218672;0
29.3885307111415;0
27.83357386601529;0
26.93518843410017;0
26.383921406916862;0
26.675051411914946;0
27.45817623659037;0
28.788646519624756;0
30.52813425780626;0
32.50762098257762;0
34.90063087078837;0
37.20224784030051;0
39.3106038987905;0
40.99253586643982;0
42.23303142553793;0
42.95802863998533;0
43.25263323361227;0
42.828832224367;0
41.9122446199417;0
40.23094230487997;0
38.27931854707544;0
36.257506135811525;0
33.95629187748027;0
31.55824099591016;0
29.040542626535412;0
27.074124975501995;0
25.582075850751416;0
24.797474746575112;0
24.20223270409797;0
24.537311896894906;0
25.43775436197659;0
27.17091530563712;0
28.87312515894056;0
31.22975038032925;0
33.58947050750187;0
35.99631369867028;0
37.89447142625195;0
39.52140161254109;0
40.588742667795366;0
41.605760604852186;0
41.634082562904254;0
40.91990551521994;0
40.048200194462915;0
38.56577296443115;0
36.81663235535275;0
34.59624664033246;0
32.18111013206088;0
29.81056539406963;0
27.889057951567217;0
25.86346345861793;0
24.4219199853856;0
23.31522776885772;0
23.184792943259044;0
23.352888037814527;0
24.024802527749053;0
25.142512307104294;0
27.008895054494623;0
28.914220266617992;0
31.288282044777322;0
33.243508472994435;0
35.106813618954185;0
37.013283754806295;0
38.53540844868432;0
39.29589290813988;0
39.870574563464395;0
39.286262540369826;0
38.346663603524206;0
37.05663688783365;0
35.18254777049216;0
32.91582822334797;0
30.488882132346312;0
27.97192548796577;0
25.8592078966933;0
24.11641301479638;0
22.528567430255247;0
21.457169211155765;0
21.11455105518117;0
21.52603049593664;0
22.510845702173903;0
23.98578632392679;0
25.78204276705551;0
27.996983151728372;0
30.24867411504764;0
32.48457296075013;0
34.50461340079693;0
36.078984441809524;0
37.51831245344576;0
38.13853468350736;0
38.359096896811366;0
38.11238641367447;0
37.132673173317436;0
35.571275460518265;0
33.70444881490405;0
31.382747827221294;0
29.393467333909918;0
27.14997793171256;0
24.999773694501588;0
23.296888185976513;0
22.088794619775534;0
21.034986780196228;0
20.70685353548448;0
20.981679979811453;0
21.853036383798297;0
23.173839850860933;0
24.755681668914423;0
26.617000887003382;0
29.012971730163674;0
31.2592091141415;0
33.19396555281663;0
34.91961818914601;0
36.127647003423704;0
37.26351898631013;0
37.85961506210015;0
37.56405743138103;0
36.94034527919655;0
35.64068177734291;0
34.04097330106405;0
32.36927041236116;0
29.9693809279645;0
27.566074626466513;0
25.55833924849828;0
23.52096282405934;0
22.02777767092757;0
21.21821591059606;0
20.763649825062608;0
21.12150697765961;0
22.004558271732982;0
23.59638402845087;0
25.244964734402572;0
27.604721427218887;0
29.931406634685576;0
32.2655082099758;0
34.3928546435537;0
36.24392283384507;0
37.54921764625606;0
38.81086134808352;0
39.09220390690018;0
38.6769122869213;0
37.726056246005605;0
36.34813633882717;0
34.61727300135323;0
32.59141594504666;0
30.403839782229625;0
28.294269528269748;0
26.199752744418184;0
24.58985711511964;0
23.28590843097581;0
22.519728623896277;0
22.27316988771931;0
22.44721435290445;0
23.20755671080918;0
24.98714417767614;0
26.965911294006574;0
29.04411873488661;0
31.47507145654506;0
33.90841052323242;0
36.068971511503335;0
38.03426723284154;0
39.429963866856966;0
40.123279021263485;0
40.70575810388101;0
40.51341282300932;0
39.775332995919044;0
38.433870099203276;0
36.60799473804189;0
34.5948699723836;0
32.664813246311276;0
30.617000662761484;0
28.399123752323263;0
26.524929432038395;0
25.43810710352512;0
24.834054250423257;0
24.40765181272755;0
24.87352108411278;0
25.62664782664479;0
27.15404402380852;0
29.154677836051366;0
31.17706215617728;0
33.504608083039166;0
35.89527422887039;0
37.83456588630169;0
39.868873767479684;0
41.27915349050028;0
42.215533915852205;0
42.667875472902004;0
42.26375953780008;0
41.462296546439845;0
40.43897903505925;0
38.53349694815162;0
36.552761240726255;0
34.32398323333209;0
32.150856946937395;0
30.119161393870325;0
28.53941055788573;0
27.01120314769417;0
26.158859203482606;0
26.185009911611175;0
26.38423793629467;0
27.32553204881246;0
28.823838772040475;0
30.66887798897262;0
32.9912154375703;0
35.62061938288178;0
37.723411190769056;0
40.08094262857933;0
42.05042026030742;0
43.52424252184369;0
44.548460252728724;0
44.84447688923835;0
44.506278767503986;0
43.680722176062424;0
42.15226788616998;0
40.085805369629696;0
38.19716427475494;0
35.98642739801791;0
33.685341789634336;0
31.611003459403115;0
29.961295884704487;0
28.662613478431116;0
28.217548369091258;0
27.749265724559734;0
27.913443930887365;0
28.811124623060888;0
30.219121971663967;0
32.08283451238731;0
34.60661766466065;0
36.83501621231514;0
39.170567463374965;0
41.219424993905;0
43.055204763435285;0
44.508468710607126;0
45.48636152924829;0
45.44092865728422;0
45.15325853651904;0
44.42069129689475;0
43.27481453336264;0
41.68495623447979;0
39.67606128202311;0
37.3323180386524;0
35.31442771484608;0
33.23081606361628;0
31.237752843669078;0
29.69231714359637;0
28.786800066262224;0
28.38515094021173;0
28.642407110200562;0
29.49236120217895;0
30.86016507737126;0
33.01091496920445;0
35.30711274780056;0
37.48553917184168;0
40.000603187066744;0
41.95538160901323;0
43.6543335005081;0
45.064884220639634;0
45.873419253887256;0
46.00300604835465;0
45.72587231356359;0
44.90003418541178;0
43.86156082129921;0
42.260975780839445;0
40.10066668475733;0
37.831512536140394;0
35.5716897649522;0
33.5671106981699;0
31.400375157285776;0
29.740759733565433;0
28.547574717845126;0
28.246005974005534;0
28.490374158049548;0
29.243127839306183;0
30.334041169629923;0
32.330775292343446;0
34.45202042623723;0
36.633519568825;0
39.03723987905355;0
41.077478716025816;0
43.01017848457242;0
44.67602075161834;0
45.30676012079492;0
45.69321464998673;0
45.57267753047326;0
44.59356890207182;0
43.10481620638576;0
41.11854131292547;0
38.71485670190506;0
36.31456151686902;0
33.7810694001872;0
31.486715045118434;0
29.544007093699676;0
28.06741898734972;0
27.028868465382722;0
26.63680195694337;0
26.97005231761982;0
27.8906055332012;0
29.312393345697544;0
30.93090006053558;0
32.90397859126206;0
35.29633773083527;0
37.74592091830202;0
39.69883422488095;0
41.59055071353231;0
42.917649259085316;0
43.64291690267354;0
44.087544496028094;0
43.629877576695606;0
42.46718962988972;0
41.0480244700563;0
39.1679096752477;0
36.831252312893;0
34.70373000248159;0
32.08102688915982;0
29.762972880138292;0
27.988873139017414;0
26.41424346772434;0
25.311999664677785;0
24.667989581675783;0
24.86702299980916;0
25.703002194379025;0
27.178254090174953;0
29.055557836400375;0
31.217140409766262;0
33.16676188072595;0
35.758491936291485;0
37.622947691318174;0
39.50846786968915;0
40.94353307338099;0
41.61145502745789;0
41.70677836668348;0
41.71030098668944;0
40.82507966560316;0
39.23871624770378;0
37.12421922640891;0
34.692758379832696;0
32.151153731642225;0
29.948838941361863;0
27.639088619369506;0
25.756504717077327;0
24.59849884187495;0
23.94083853654236;0
23.939460624584942;0
24.220906752908753;0
24.946771509216784;0
26.343911050081523;0
27.950113559060032;0
29.995611663285207;0
32.216224703469265;0
34.12758789042181;0
36.20793933082332;0
37.91561203343894;0
38.83316763032636;0
39.61824704961574;0
39.75991717744076;0
39.14872445907514;0
38.09812591711842;0
36.62196999749267;0
34.6329857401355;0
32.583932572504324;0
30.19349581721722;0
27.882501867576664;0
25.825241092413428;0
24.105108602705382;0
22.823879953555632;0
22.086061150541486;0
21.88077617686293;0
22.24902313227194;0
23.13849080839843;0
24.2146643955012;0
25.8218990789504;0
27.77962846489289;0
29.896773508973425;0
31.932399436686268;0
33.983399245334645;0
35.46017722564286;0
36.87710888889377;0
37.97079294936623;0
38.26725476700916;0
38.10884878776315;0
37.271510760089214;0
35.7883092805093;0
34.22233166022331;0
32.42044517673438;0
30.051443866111104;0
27.8695635287649;0
25.61360651574794;0
23.928012137672784;0
22.477310906549807;0
21.585362208587004;0
21.22065715513334;0
21.610050946758992;0
22.345016135403093;0
23.986579585222607;0
25.741615268231445;0
27.821493153487296;0
30.182391042074833;0
32.30620540453401;0
34.22925809636674;0
35.90303187620919;0
37.04569945038743;0
37.985390120488084;0
38.56969994751484;0
38.07231504278626;0
37.36804493478468;0
36.06396404720949;0
34.345945695059086;0
32.279812948798096;0
30.02108477904848;0
27.628557219373146;0
25.673188816497834;0
23.54272469087943;0
22.09553917449202;0
21.304608573256118;0
20.976231535167763;0
21.258829417472693;0
22.17547182883887;0
23.508062039274705;0
25.484077407110306;0
27.60736061421435;0
29.919156841526473;0
32.35184573858275;0
34.481247317321504;0
36.308920579189966;0
37.672209985419585;0
38.7708612622751;0
39.31641546758232;0
38.96115299873199;0
38.27275583313485;0
37.1217429105713;0
35.360212699626025;0
33.41792575948972;0
31.0978609914155;0
28.90284590153575;0
27.033232868664577;0
24.774965133224345;0
23.373926790764724;0
22.61818208733862;0
22.39821507194732;0
22.73124927189454;0
23.67198173184492;0
25.147737268836394;0
27.38847904116203;0
29.511007626424643;0
31.89594900001589;0
34.25499866792085;0
36.41100272544791;0
38.22498466092405;0
39.67549030448049;0
40.51068610415254;0
40.84773433738157;0
40.43724614545674;0
39.62966214334675;0
38.38322764481729;0
36.72487416501566;0
34.57353495052767;0
32.550311198211375;0
30.50549319082885;0
28.53498625896848;0
26.999458143278403;0
25.68049337591421;0
24.863723096614162;0
24.78156213946322;0
25.15750679432498;0
26.035589118607913;0
27.451216980967743;0
29.131642662753908;0
31.374242526406523;0
33.70136641322206;0
35.93858143788586;0
38.16480816493674;0
40.16512653175917;0
41.851440559169085;0
42.888515877021916;0
43.23635812212907;0
43.22344652000113;0
42.413116703155936;0
41.06888669396667;0
39.243635434986075;0
36.96479489583682;0
34.765114863548305;0
32.57085059657553;0
30.21658125189658;0
28.604561279565694;0
27.263249474808084;0
26.652157847432896;0
26.630413348652194;0
27.067858073998405;0
28.18204234284418;0
29.841543331699565;0
31.701689290429762;0
33.84685634278881;0
35.978761307995924;0
38.08621452916816;0
40.15093732457153;0
42.0414472454978;0
43.45883729625963;0
44.451342532366;0
44.777149176033355;0
44.57069659078971;0
43.73623855908234;0
42.46070451344039;0
40.519415281632355;0
38.50922405651195;0
36.33855655013719;0
34.211733916108216;0
32.151322602898304;0
30.703500654187984;0
29.202976207818075;0
28.416280509262492;0
28.117611015760406;0
28.31649979029436;0
29.111529242815084;0
30.402011372207024;0
32.21793965755681;0
34.33360074066695;0
36.85020303279448;0
39.104551910888546;0
41.28354281886749;0
43.286277437852064;0
44.872327891888204;0
45.77948738775855;0
46.47267398690167;0
45.95557928818016;0
45.347200659394986;0
44.1350349935999;0
42.41786210388424;0
40.27189726771806;0
38.01550841418437;0
35.59813090623143;0
33.834839222665195;0
31.88277774256053;0
30.425768681479525;0
29.573855735877903;0
29.251793557865664;0
29.573625674110716;0
30.331941446902096;0
31.413827479797202;0
33.21645372613319;0
35.29254428061676;0
37.642700536869036;0
40.00567013772915;0
41.97138027536532;0
44.08055982356382;0
45.48022715931544;0
46.51958315914445;0
46.794648227670166;0
46.29695447074421;0
45.31272193442795;0
44.12845457482056;0
42.123969841517834;0
40.31669327914967;0
37.92073170669733;0
35.67103688597084;0
33.93157173205532;0
32.10130160349101;0
30.76143805226627;0
29.87824979956993;0
29.462291188292742;0
29.68800663285912;0
30.591275963007313;0
31.5982459645939;0
33.4038003056995;0
35.42203857447798;0
37.65800430134895;0
39.872296138760916;0
41.963560728082214;0
43.678288140828016;0
44.948792692504185;0
45.94279840971633;0
46.09636816708148;0
45.75501247609733;0
44.662377674498806;0
43.20035345540427;0
41.1436774670892;0
38.88215069323349;0
36.638133195458686;0
34.37397345618493;0
32.18621175268263;0
30.335186984025306;0
28.71131866585105;0
27.894838859460023;0
27.74906873974916;0
27.660454763396356;0
28.40071386476076;0
29.82375149485727;0
31.67907017540668;0
33.96221607936063;0
36.10013930516269;0
38.28637713650634;0
40.4493906390974;0
42.271156997978494;0
43.417059300790044;0
44.20742418004644;0
44.396416040950896;0
44.06991744444758;0
43.197459976118836;0
41.79589573954408;0
39.92796697626507;0
37.847582170853265;0
35.61217441783433;0
33.05955813481924;0
30.82100104786192;0
28.674476378490077;0
27.06582768523834;0
26.038447847765987;0
25.5274965229825;0
25.58746608175317;0
26.62239017740435;0
27.96179269961716;0
29.88583384590963;0
31.744261030285593;0
33.90170285688927;0
36.278595556279186;0
38.13185094751936;0
39.74478630965924;0
40.881389869614885;0
41.5941007261467;0
42.035212683311585;0
41.70272014631775;0
40.46602543679034;0
39.23775816995999;0
37.36939332359206;0
35.44621963547391;0
33.100719347360915;0
30.56187162392977;0
28.24074060357166;0
26.631002123087452;0
24.997252768138623;0
24.178925812362387;0
23.65345441521863;0
23.893310486073922;0
25.004776562429697;0
26.249800885494135;0
27.937382347085652;0
30.051681997101554;0
31.954609513846286;0
34.19207434043462;0
36.22804257707907;0
37.784062440518966;0
39.14136394932173;0
39.74089425483641;0
40.090189864822655;0
39.722601100882656;0
38.885041149256026;0
37.51024154776881;0
35.65311183681304;0
33.55141850615159;0
31.24333939061513;0
28.834283292698352;0
26.907488576025646;0
24.71991247255056;0
23.18382582276504;0
22.319363594334433;0
21.908615993714083;0
22.13622439650281;0
23.069422765682255;0
24.22947265146941;0
26.273384538656202;0
28.287117900459428;0
30.461602136004746;0
32.64278277163605;0
34.825056052740095;0
36.33958734436263;0
37.779809925943454;0
38.64844675992314;0
39.17868238535527;0
38.782141070391944;0
37.924781166311355;0
36.57143535923255;0
34.77358106450942;0
32.554071271712345;0
30.167181142260965;0
27.894281154975705;0
26.13585965914378;0
24.545033263463452;0
22.955838395405696;0
21.965104244373816;0
21.676507293878313;0
22.07402723986994;0
22.770378589101114;0
23.744459320044854;0
25.28352794522008;0
27.552518021525547;0
29.808189134076304;0
32.08455067732964;0
34.1799414476647;0
35.975760837904055;0
37.390522100320275;0
38.47886141790462;0
38.62734398568605;0
38.50762691811991;0
37.71568520936562;0
36.2266242185801;0
34.54300459911051;0
32.46969352635342;0
30.15052612224769;0
28.03103508414624;0
26.003947244344428;0
24.096868082286775;0
22.909374308342095;0
21.728340536863193;0
21.543872959291896;0
21.683931374871868;0
22.609979984844802;0
23.951461581324786;0
26.079878765214275;0
28.36278110731001;0
30.819623364836623;0
33.0250196639365;0
35.38857105049735;0
37.31164294205197;0
38.719089078665085;0
39.618121240627;0
39.68701487634073;0
39.38660348118734;0
38.649216746577906;0
37.28077258041292;0
35.18790868886076;0
33.0952706052812;0
30.604049579579495;0
28.379477086870644;0
26.470800761861092;0
24.76736217386793;0
23.29328324840186;0
22.95315960062271;0
22.838563739154672;0
23.48960635881894;0
24.458139066547474;0
25.711938586074023;0
27.515888562603745;0
29.7621648710061;0
31.826717474607626;0
34.03162046826856;0
35.98296259570275;0
37.75832571660001;0
39.3749644705349;0
40.28819915131161;0
40.8403679735032;0
40.668996951229715;0
39.967063946799556;0
38.79459267921304;0
37.49211206105491;0
35.49530471879034;0
33.51853526315137;0
31.280813368488502;0
29.210648057577068;0
27.405785382830494;0
26.155593118450117;0
25.220389860200854;0
25.099084120416308;0
25.536953127779686;0
26.682550767124003;0
28.240950815475394;0
30.29938914136566;0
32.42066369355968;0
34.6440199981473;0
37.0328452676272;0
39.12166105480488;0
40.74019114750428;0
42.12430536074333;0
43.176742795634816;0
43.597375803798705;0
43.64010027016015;0
42.7258061283843;0
41.44570618325366;0
39.76439251289703;0
37.910767472356916;0
35.54445327031854;0
33.326518170403496;0
31.084669179709138;0
29.45952180688399;0
28.176626449479855;0
27.370705960899965;0
27.205520199797657;0
27.683757859349157;0
28.648943855080848;0
29.89876473981898;0
31.659810248212025;0
33.94554131090812;0
36.51287332038552;0
38.69972540802636;0
40.768598565152665;0
42.49353657512523;0
44.07564267485321;0
45.02663318608409;0
45.036388723807576;0
44.54551071502813;0
43.785358739537955;0
42.361405653831454;0
40.848722877649514;0
38.98861230310794;0
36.73105459079709;0
34.65383101398087;0
32.69569848232989;0
30.903791083294145;0
29.75832226928769;0
28.763050688601062;0
28.390246220895882;0
28.863806272975186;0
29.861861316441527;0
31.314322073619724;0
33.16342871676159;0
35.509807476101244;0
37.97409688358392;0
40.13258563328434;0
42.214987329878575;0
44.17174953621321;0
45.52947256331798;0
46.5554226463448;0
46.65081646912504;0
46.53064912215015;0
45.85122949115272;0
44.6644133926945;0
42.92314222975649;0
41.082713121555145;0
38.750295362020815;0
36.49918038386121;0
34.33502249615949;0
32.49571953392838;0
30.860846927708188;0
29.681428727505004;0
29.273791233151428;0
29.74407712191062;0
30.707331734124374;0
32.02547283924366;0
33.83946273721177;0
36.11213801211919;0
38.61978011685231;0
40.68773511703248;0
42.63343283498779;0
44.517727502096726;0
45.910372363282576;0
46.72543405077856;0
46.93320698268588;0
46.30231956787942;0
45.38342996448284;0
43.90997237178418;0
42.05133424513428;0
39.760092044193954;0
37.44702969225849;0
35.249308030230175;0
33.564990515683704;0
31.91933182851855;0
30.524086008122197;0
29.512251731291872;0
29.377430241432528;0
29.851769757229544;0
30.691311101812737;0
31.869901272499625;0
33.60617702745388;0
35.67623444732457;0
37.98142802627017;0
40.20733192026244;0
42.246276362098875;0
43.934431548460005;0
45.28295578148195;0
46.119858532236876;0
46.41057504645213;0
45.87866404520186;0
44.865162181394304;0
43.45272419675662;0
41.65786687219185;0
39.38921871499069;0
37.18997088022485;0
35.10033298812478;0
33.097756477421605;0
31.2724021879758;0
29.94287493749063;0
28.777819697262775;0
28.50033257785466;0
28.67677725113806;0
29.264236082607763;0
30.27978525565908;0
31.88745710126944;0
33.78359950804909;0
36.0547525674943;0
38.240199832705265;0
40.174407991425;0
42.01335300847169;0
43.47706845038525;0
44.37776166417887;0
44.58573362773573;0
44.33020290835139;0
43.28397473503813;0
41.79689843976415;0
39.90677693674307;0
37.76727582353006;0
35.43705054603926;0
32.97367749520409;0
30.966614454657993;0
29.20344970062103;0
27.917804751621873;0
26.950928260336422;0
26.407403065432458;0
26.395773451304308;0
27.329194871529957;0
28.610659552290244;0
30.270088463384525;0
31.96296576195832;0
34.09905055164148;0
36.598948851540996;0
38.66544750716506;0
40.246949976105135;0
41.469048865938646;0
42.23199101898872;0
42.911592886078765;0
42.42854583002723;0
41.4374264751211;0
39.95530698372333;0
38.13536357581353;0
35.752916317057995;0
33.48878850815565;0
30.979037335781832;0
28.779698432554003;0
26.546396865310268;0
25.31246368227124;0
24.360982874885213;0
24.009464637551684;0
24.344549931475676;0
24.88426950800489;0
26.244720581104765;0
28.41771610483034;0
30.451549169693983;0
32.780316955313936;0
34.89923817007764;0
36.733157879525784;0
38.7101696657943;0
40.04936848583713;0
40.69098342100894;0
40.58235345367539;0
40.102422173957876;0
39.35653961943872;0
38.15702641952486;0
35.9166233921279;0
33.833585738497014;0
31.52866804523312;0
29.369542500049544;0
27.13363761190278;0
25.350882357377305;0
23.72817416948287;0
23.179063973860444;0
22.629667974193403;0
22.66797565118445;0
23.540259651278895;0
24.886522662840825;0
26.516705820571797;0
28.52403849184868;0
30.672701888859844;0
32.87873671094872;0
35.06738958558088;0
36.69948427631616;0
38.129677759896104;0
38.82702473724619;0
38.91321509590016;0
38.59256690847268;0
37.91485103791238;0
36.66720861619284;0
34.88738744829352;0
32.85800530449113;0
30.7713829653088;0
28.80519193589633;0
26.760745739902244;0
24.7086480632593;0
23.174714890941143;0
22.317135227841717;0
21.73023781496218;0
22.05598540328005;0
23.011773856685586;0
24.37129131222788;0
26.252771190721035;0
28.460457039590796;0
30.769140738001916;0
33.07765924831716;0
35.00425410202171;0
36.50195888775656;0
37.812524257955694;0
38.65777122949457;0
38.76150747449123;0
38.38171165710834;0
37.59127112181176;0
36.355557605785435;0
34.62240514425888;0
32.56911446763447;0
30.46478257321807;0
28.59779819938511;0
26.83424169877592;0
25.19631084667924;0
23.66826165160996;0
22.811624193529134;0
22.39494903491985;0
22.674514207832058;0
23.260636474351436;0
24.434704412680706;0
26.10521581725754;0
28.077904300119915;0
30.540694844687756;0
32.80008976422049;0
35.02554106008663;0
36.96628368323489;0
38.49271012938988;0
39.47493162519473;0
40.109229783425185;0
39.88351449258572;0
39.4129168665157;0
37.94473869613997;0
36.17902356050499;0
34.12690456693401;0
31.821625603001728;0
29.72027450773349;0
27.58752500303211;0
25.63997830962831;0
24.466193350662778;0
23.73833757905885;0
23.36584765856149;0
23.734214506236235;0
24.714408317389815;0
25.990936925967656;0
28.01956006996258;0
30.04696048995948;0
32.387560138434296;0
34.98832646946678;0
37.152944812657566;0
38.942118566688976;0
40.430995202492326;0
41.01967482547486;0
41.40606032906961;0
41.30693265684354;0
40.38144630175063;0
39.42479799165275;0
37.686189165180984;0
35.8169149739379;0
33.75211425693739;0
31.781571084609503;0
29.51773770544391;0
27.88601745032428;0
26.428581606614305;0
25.372708304482565;0
25.11354410043449;0
25.599184359241264;0
26.35051615897291;0
27.882704271978376;0
29.68780001925147;0
31.84273636787796;0
34.256407520897206;0
36.53856040740905;0
38.90639020990035;0
40.963640486860136;0
42.29510989044633;0
43.306080945605224;0
43.50843885574337;0
43.540084341079;0
42.78948649633515;0
41.12217456387358;0
39.435017139815265;0
37.56039617730681;0
35.3515469890626;0
33.28487666981056;0
31.180925376922765;0
29.66117039419889;0
28.728358015905496;0
27.74135636667459;0
27.6255222989049;0
27.96012215658425;0
28.977417982743052;0
30.59275376299376;0
32.48126331049669;0
34.3854123218361;0
36.712777588523466;0
38.955890656243795;0
41.13221025359408;0
42.89366010540181;0
44.19158310051964;0
44.94253219258585;0
45.50597488496566;0
45.26400141081174;0
44.49889288470612;0
42.95029151795978;0
41.25236290980525;0
39.45953291760826;0
37.28920725817121;0
35.20311701315501;0
33.28510163911918;0
31.68053227545114;0
30.484550516282468;0
29.543995542682634;0
29.00874032714162;0
29.52442660345116;0
30.272971669335455;0
31.999080823541064;0
33.64326441957863;0
36.09660798923128;0
38.81313764588222;0
41.51041795290149;0
43.55395229783386;0
45.44607719369492;0
46.29564550386539;0
47.07763107777238;0
47.23002770368347;0
46.742742624877174;0
45.57026057079991;0
44.18170095951317;0
42.42505983267826;0
40.465357698684095;0
38.24677772845396;0
36.00249978098867;0
33.906659965357456;0
32.00175115523766;0
30.768977794574067;0
29.879956674739514;0
29.700088098826814;0
30.230035095616422;0
31.091800204113703;0
32.64851934405005;0
34.61809199976478;0
36.806639899808125;0
39.10407636444062;0
41.31123054238048;0
43.39994147792674;0
45.17027505319121;0
46.20081591432554;0
47.21482383054813;0
47.49294868138428;0
46.97266827383825;0
46.21993872368725;0
44.954232914424914;0
43.185724457397846;0
41.246374591839086;0
38.77257967989634;0
36.18971386304325;0
34.308152881567125;0
32.59872488396633;0
30.93780458196436;0
29.960996308733826;0
29.912222863960633;0
29.99843434187754;0
31.036865499193993;0
32.1601770411111;0
33.9385034072394;0
36.01089989253589;0
38.29098369536996;0
40.20330355551297;0
42.516470253134955;0
44.33083474309922;0
45.73767333513388;0
46.413877015899764;0
46.654544288275325;0
46.440860450005204;0
45.668149294172515;0
44.269145379231034;0
42.52259528834773;0
40.417458224684935;0
37.9738746290301;0
35.783380283388844;0
33.37437180685086;0
31.546394874236007;0
30.032053261844773;0
28.779556966732997;0
28.349037214570124;0
28.477130188287692;0
29.141894107868833;0
30.87005757180176;0
32.41568849458297;0
34.4443383077992;0
36.647771668400274;0
38.79753065555583;0
41.06692576017146;0
43.012280275969104;0
44.21142759651699;0
45.1961710664162;0
45.4526766811694;0
45.16914880130093;0
44.123473857900784;0
42.693480071159705;0
40.53349377743139;0
38.15247151361849;0
35.60128750618;0
33.37642480751812;0
31.108913336192945;0
29.503515836285757;0
28.02518277366022;0
27.17036569827164;0
26.786643255574106;0
27.02342448150558;0
27.64774416308901;0
28.922048363579368;0
30.578520591788063;0
32.51191772889409;0
34.61547690874282;0
36.804818814839294;0
38.926725822907194;0
40.724295157066805;0
41.93719910126856;0
42.69731733212461;0
42.974318845664364;0
42.58442314624475;0
41.50582087670369;0
39.842601083929914;0
37.78361122600432;0
35.65978057585421;0
33.31070837256175;0
30.92563852756085;0
28.981271565922818;0
27.211895786329077;0
26.018918214720525;0
25.21874996272472;0
24.792461481436444;0
24.94011503602298;0
25.802357571672992;0
26.90040555091865;0
28.68590484647654;0
30.627393242548298;0
32.724369271045866;0
35.019073947898946;0
37.31056303859717;0
39.02709390535708;0
40.529894021369024;0
41.29521328867732;0
41.49161863787827;0
41.132289907687074;0
40.119045457508115;0
38.61853385001706;0
37.01883348555004;0
34.62179355189928;0
32.17030470727144;0
29.690266522254728;0
27.861798751088173;0
26.025157496549838;0
24.59691871154668;0
23.349221738600153;0
23.21859487854986;0
23.599067276276187;0
24.637505930671832;0
25.710583758541222;0
27.58655898113453;0
29.67262484780597;0
31.82108103870804;0
34.03215187361009;0
36.221898921161994;0
37.69466981503174;0
39.176600574685054;0
40.17504514957367;0
40.14903499303226;0
39.84882500406359;0
38.77960808643269;0
37.317192616239694;0
35.65708059344644;0
33.446746579705994;0
30.99227687065598;0
28.865933908589277;0
26.801301306857383;0
25.11254028144878;0
23.738518041693368;0
23.005792600603574;0
22.656062239758626;0
22.929471955837048;0
23.5707176718282;0
24.957533244011763;0
26.868109821813484;0
28.98322180521449;0
31.135579742719724;0
33.46840057903419;0
35.61234119015983;0
37.45980264453343;0
38.77366012204931;0
39.26654678387092;0
39.47634655236544;0
39.39802687579689;0
38.46353491544087;0
37.055597652390816;0
35.25655249848251;0
33.08167687224012;0
31.07587743959945;0
28.8149355173629;0
26.325292488107397;0
24.639557973576746;0
23.30939482327466;0
22.738273592243953;0
22.637271953597235;0
23.16129458718409;0
24.30080906935018;0
26.028913340365698;0
27.60645486600898;0
29.57877474834742;0
31.628006186210772;0
33.8570429078109;0
35.91757631408595;0
37.5032607371182;0
38.79299141848458;0
39.889601343524525;0
40.224311968896124;0
40.21154446374057;0
39.58108220523238;0
38.18717300727415;0
36.46391416958588;0
34.739217307709744;0
32.35399091978239;0
30.18896938284641;0
28.087888529533917;0
26.466116799575214;0
25.02224940510494;0
24.168444816814322;0
23.57816580635589;0
24.049857683802173;0
25.147490813932247;0
26.677814830539088;0
28.21752738405414;0
30.248477568365573;0
32.57468717756834;0
35.16108276505379;0
37.472606288672395;0
39.26226273901859;0
40.514247732743655;0
41.484866613546984;0
41.93225851383801;0
41.91665215465592;0
40.89088807878987;0
39.45877149064294;0
37.65005729362323;0
35.55070373684371;0
33.569452241578325;0
31.424817711920525;0
29.27330525451596;0
27.62502360449683;0
26.29845677626501;0
25.877086182461024;0
25.89774753811686;0
26.12825960006775;0
27.234563773221844;0
28.7223248193885;0
30.71227005934346;0
32.93147072772907;0
35.0793791900181;0
37.53271086890902;0
39.675103215153825;0
41.480878767941;0
42.852717640874545;0
43.7831738961347;0
44.32747242008138;0
44.14710879610259;0
43.20177701243362;0
42.12407632707939;0
40.53942356725319;0
38.52361537985874;0
36.43489377997167;0
34.11630077287733;0
32.01120798140948;0
30.53905530463132;0
28.91817793649327;0
28.262305352980576;0
28.31126896263159;0
28.71005222582715;0
29.649559067607175;0
31.18729224882;0
32.594695958516176;0
34.92925385188172;0
36.98068439650919;0
39.31885667731246;0
41.13338590636828;0
43.15643941327636;0
44.476822943295005;0
45.79834117130147;0
46.127194105378095;0
45.821082477428234;0
44.853822100546274;0
43.71147091579626;0
41.944877228146204;0
40.16562061181459;0
38.07311524922535;0
35.90886778910884;0
34.29584522262214;0
32.52750890292094;0
31.241646979671245;0
30.379735695192515;0
29.97824471788432;0
30.09408560008312;0
31.07415265478715;0
32.22919949122647;0
34.0887681791042;0
36.1646590202246;0
38.58978268850218;0
40.80788862566659;0
42.83160577228426;0
44.56523707530183;0
46.02769653485195;0
46.95314772182293;0
47.3076264812321;0
46.92617453505972;0
46.213377958996986;0
44.79282549881382;0
43.016158781302934;0
40.79340995999821;0
38.619369207462185;0
36.441975235910846;0
34.273643613004126;0
32.41583416335895;0
31.289467957217152;0
30.52683837694469;0
30.542694744560634;0
30.613462429723047;0
31.64539074442822;0
33.09030385407394;0
35.08444816343;0
37.13034857878761;0
39.43734707971368;0
41.51082582296721;0
43.809705701838894;0
45.50862423610437;0
47.05019757422066;0
47.94597689328395;0
48.31004090791554;0
47.85544865265628;0
46.874344576789014;0
45.53523838625287;0
43.53316820172879;0
41.37734168655436;0
38.838525143137446;0
36.676216369329296;0
34.8778835368508;0
33.300731854445075;0
31.87345398050547;0
31.15447677274018;0
30.720018037264154;0
31.152361170178438;0
31.87912995749299;0
32.971243719327425;0
34.48955358732688;0
36.41878531843598;0
38.5863397935478;0
40.87894181138863;0
42.87939148443871;0
44.36311382880112;0
45.874275039136805;0
46.77299855638431;0
47.16946220267853;0
46.85746618983384;0
45.75771247700279;0
44.321090916445684;0
42.69273989276651;0
40.365333142153204;0
38.11152659240632;0
35.688269129331744;0
33.48171144874447;0
31.81793821774296;0
30.34851827861867;0
29.576030311325372;0
29.269837793962267;0
29.61291317193563;0
30.38686525410538;0
31.845395648443688;0
33.42579840983975;0
35.49173691314054;0
37.440070852881455;0
39.521914471847246;0
41.359412921871126;0
43.13814019534419;0
44.27910960195067;0
45.12314489970739;0
45.32219961101135;0
45.11036093285272;0
44.33140280929191;0
42.8914829527268;0
41.07211227447128;0
38.988673992864854;0
36.726090981193806;0
34.35385412172158;0
32.143644273205496;0
29.999410499251947;0
28.629610009595208;0
27.519266508593976;0
27.213839426651283;0
27.320756901015802;0
28.09044461218298;0
29.36347009511174;0
31.409692787495548;0
33.2866825195501;0
35.551348197534985;0
37.51067516760007;0
39.433893549028454;0
41.28371202538755;0
42.51782744575334;0
43.037031701521684;0
43.489530626289664;0
43.041428792495;0
41.869970364204484;0
40.44337750174645;0
38.41937373448196;0
36.162891759824454;0
33.7244555705559;0
31.24430654404488;0
29.20916377957679;0
27.658691828974536;0
26.132658170321484;0
25.240021739739547;0
24.998371144611873;0
25.51476955056682;0
26.22339722623612;0
27.50489514192879;0
29.292471124707593;0
31.386727608791983;0
33.55925083488086;0
35.75464303535259;0
37.61162991550526;0
39.3081902009753;0
40.5477282428621;0
41.132435214499516;0
41.273324915816545;0
41.04557058543769;0
40.12054329148807;0
38.72533806983297;0
37.09361847971259;0
34.82449929430229;0
32.85438402904885;0
30.83058134175313;0
28.646180560803337;0
26.72816536655662;0
25.27009033054594;0
24.078566059665878;0
23.79409495319794;0
23.991656700055245;0
24.74578121186644;0
26.027365909912305;0
27.876059955593064;0
30.002976135779605;0
32.2442085707253;0
34.54688670269905;0
36.43694710260985;0
38.240221126546956;0
39.606664249602254;0
40.53705624610538;0
40.64738455038272;0
40.26410404213468;0
39.47925839713713;0
38.262423477958976;0
36.4838765011682;0
34.3836905284628;0
31.98833286902866;0
29.742942298763577;0
27.806405549464387;0
25.929195821252694;0
24.36287465209209;0
23.21393732166806;0
22.743803308095117;0
22.931472666543435;0
24.02334476080744;0
25.3359243785958;0
27.139526754740757;0
29.457925835751677;0
31.60130074969653;0
33.92610524178714;0
36.02485803863921;0
37.67108161076271;0
39.084632220157744;0
39.98844435521;0
39.99480178455949;0
40.132436220001;0
39.27955654429889;0
37.9414541572212;0
36.23883350022892;0
33.987402048836834;0
31.641760536539948;0
29.346953001129787;0
27.005693142683857;0
25.355626542623625;0
24.091793117191024;0
23.289942013302824;0
23.062180207524552;0
23.33355606113087;0
24.500041648693173;0
25.860423260961102;0
27.80200177193965;0
29.926110332261832;0
32.16181723171721;0
34.54319819098953;0
36.78109500116158;0
38.62802153021091;0
40.196125156208026;0
40.708056995661714;0
40.87745861357552;0
40.475932843112666;0
39.53439000691484;0
38.19777851016528;0
36.47166353801246;0
34.43020175867334;0
32.36306046577781;0
30.318516096410995;0
28.362727441757528;0
26.73676135836489;0
25.3952464194079;0
24.365786390972975;0
24.22388727970122;0
24.5736859895863;0
25.441300714785427;0
26.840137635697214;0
28.758900329620932;0
30.98771320303412;0
33.392286133355164;0
35.535407419032246;0
37.788279073738835;0
39.7497136204128;0
41.25037982948298;0
42.024295278470845;0
42.16323505260523;0
41.89322815970866;0
